{
  "accounts": {
      "05168707632801844723808510": {
          "account": "05168707632801844723808510",
          "balance": 0,
          "mine": false,
          "transactions": []
      },
      "17307867273606026235887604": {
          "account": "17307867273606026235887604",
          "balance": 0,
          "mine": false,
          "transactions": []
      },
      "2222400070000005": {
          "account": "2222400070000005",
          "balance": 0,
          "mine": false,
          "transactions": []
      },
      "27120208050464008002528428": {
          "account": "27120208050464008002528428",
          "balance": 0,
          "mine": false,
          "transactions": []
      },
      "5555341244441115": {
          "account": "5555341244441115",
          "balance": 0,
          "mine": false,
          "transactions": []
      },
      "61253747452820828268825011": {
          "account": "61253747452820828268825011",
          "balance": 3000,
          "mine": false,
          "transactions": []
      },
      "74213041477477406320783754": {
          "account": "74213041477477406320783754",
          "balance": 1894.47,
          "mine": true,
          "transactions": [
              {
                  "date": "2020-09-21T10:19:41.656Z",
                  "from": "03075161147576483308375751",
                  "to": "74213041477477406320783754",
                  "amount": 5299.09
              },
              {
                  "date": "2020-09-20T18:19:22.773Z",
                  "from": "74213041477477406320783754",
                  "to": "35110031722044432128716373",
                  "amount": 9964.92
              },
              {
                  "date": "2020-09-22T18:41:23.579Z",
                  "from": "55644304736377674327410786",
                  "to": "74213041477477406320783754",
                  "amount": 5903.28
              },
              {
                  "date": "2020-09-23T01:57:20.223Z",
                  "from": "74213041477477406320783754",
                  "to": "20676535650685341466086362",
                  "amount": 8973.71
              },
              {
                  "date": "2020-09-20T14:49:11.604Z",
                  "from": "77427804067068854505643187",
                  "to": "74213041477477406320783754",
                  "amount": 3264.49
              },
              {
                  "date": "2020-09-21T10:56:09.488Z",
                  "from": "66256481715188133566342525",
                  "to": "74213041477477406320783754",
                  "amount": 4278.35
              },
              {
                  "date": "2020-10-20T11:53:53.056Z",
                  "from": "32738473258717602001415062",
                  "to": "74213041477477406320783754",
                  "amount": 9544.46
              },
              {
                  "date": "2020-10-20T16:20:49.799Z",
                  "from": "74213041477477406320783754",
                  "to": "51086782655845204744803707",
                  "amount": 736.58
              },
              {
                  "date": "2020-10-19T22:41:24.671Z",
                  "from": "74213041477477406320783754",
                  "to": "58260448852541766126032272",
                  "amount": 9035.65
              },
              {
                  "date": "2020-10-21T00:28:54.267Z",
                  "from": "74213041477477406320783754",
                  "to": "73003546888202608186565604",
                  "amount": 2617.47
              },
              {
                  "date": "2020-10-21T19:20:08.481Z",
                  "from": "74213041477477406320783754",
                  "to": "68460044008755080226662884",
                  "amount": 9319.44
              },
              {
                  "date": "2020-10-20T20:01:16.064Z",
                  "from": "74847150332830381217324183",
                  "to": "74213041477477406320783754",
                  "amount": 2725.91
              },
              {
                  "date": "2020-11-19T18:23:13.510Z",
                  "from": "74213041477477406320783754",
                  "to": "48578624073520776558718428",
                  "amount": 6804.39
              },
              {
                  "date": "2020-11-21T09:56:23.656Z",
                  "from": "06063054426041078483263725",
                  "to": "74213041477477406320783754",
                  "amount": 3858.05
              },
              {
                  "date": "2020-11-20T08:29:43.744Z",
                  "from": "74213041477477406320783754",
                  "to": "11058318061637564385871201",
                  "amount": 9120.37
              },
              {
                  "date": "2020-11-19T14:06:16.751Z",
                  "from": "74213041477477406320783754",
                  "to": "60228030523138312144615768",
                  "amount": 8302.53
              },
              {
                  "date": "2020-11-21T01:14:37.517Z",
                  "from": "74213041477477406320783754",
                  "to": "14372116167504433887463240",
                  "amount": 9346.56
              },
              {
                  "date": "2020-11-20T18:11:18.243Z",
                  "from": "61608263725254633754234122",
                  "to": "74213041477477406320783754",
                  "amount": 1901.06
              },
              {
                  "date": "2020-12-20T07:13:22.725Z",
                  "from": "74213041477477406320783754",
                  "to": "76120185182651822023247304",
                  "amount": 8551.27
              },
              {
                  "date": "2020-12-20T17:06:11.034Z",
                  "from": "63674007301648561653138300",
                  "to": "74213041477477406320783754",
                  "amount": 33.75
              },
              {
                  "date": "2020-12-21T08:45:19.575Z",
                  "from": "47380770851287858765522752",
                  "to": "74213041477477406320783754",
                  "amount": 479.76
              },
              {
                  "date": "2020-12-20T08:06:23.190Z",
                  "from": "74213041477477406320783754",
                  "to": "61633355034152203156000152",
                  "amount": 4621.67
              },
              {
                  "date": "2020-12-20T17:04:21.109Z",
                  "from": "74213041477477406320783754",
                  "to": "34686433346311577745083370",
                  "amount": 7861.72
              },
              {
                  "date": "2020-12-20T10:54:42.009Z",
                  "from": "74213041477477406320783754",
                  "to": "66767700146442030452666587",
                  "amount": 410.97
              },
              {
                  "date": "2021-01-19T19:27:41.898Z",
                  "from": "74213041477477406320783754",
                  "to": "85220275553327404084278600",
                  "amount": 2359.46
              },
              {
                  "date": "2021-01-18T02:44:34.411Z",
                  "from": "57603200488717884525614742",
                  "to": "74213041477477406320783754",
                  "amount": 9899.56
              },
              {
                  "date": "2021-01-19T04:39:57.409Z",
                  "from": "74213041477477406320783754",
                  "to": "55074474545857142087706410",
                  "amount": 7410.01
              },
              {
                  "date": "2021-01-19T21:05:59.162Z",
                  "from": "31828046403523627022503406",
                  "to": "74213041477477406320783754",
                  "amount": 8028.9
              },
              {
                  "date": "2021-01-20T08:36:05.860Z",
                  "from": "35415301217683542800434230",
                  "to": "74213041477477406320783754",
                  "amount": 1695.65
              },
              {
                  "date": "2021-01-19T06:05:26.734Z",
                  "from": "74213041477477406320783754",
                  "to": "30105807270475603325433831",
                  "amount": 7942.09
              },
              {
                  "date": "2021-02-18T16:21:44.309Z",
                  "from": "74213041477477406320783754",
                  "to": "12565363710005253780370306",
                  "amount": 5346.26
              },
              {
                  "date": "2021-02-17T13:48:15.387Z",
                  "from": "68335344456407716081672388",
                  "to": "74213041477477406320783754",
                  "amount": 7912.09
              },
              {
                  "date": "2021-02-16T19:24:40.871Z",
                  "from": "66601174807065714146417732",
                  "to": "74213041477477406320783754",
                  "amount": 5608.48
              },
              {
                  "date": "2021-02-17T23:50:33.493Z",
                  "from": "06674253730081778334231044",
                  "to": "74213041477477406320783754",
                  "amount": 5746.9
              },
              {
                  "date": "2021-02-18T08:33:52.105Z",
                  "from": "74213041477477406320783754",
                  "to": "10286251641623163816018651",
                  "amount": 6413.08
              },
              {
                  "date": "2021-02-19T00:21:36.053Z",
                  "from": "37275500341570265573204070",
                  "to": "74213041477477406320783754",
                  "amount": 2418.7
              },
              {
                  "date": "2021-03-20T03:10:03.499Z",
                  "from": "63140316001651585602834554",
                  "to": "74213041477477406320783754",
                  "amount": 5433.6
              },
              {
                  "date": "2021-03-20T01:35:11.181Z",
                  "from": "73871310385155386813521186",
                  "to": "74213041477477406320783754",
                  "amount": 4161.22
              },
              {
                  "date": "2021-03-20T10:04:25.267Z",
                  "from": "74213041477477406320783754",
                  "to": "22235777444630061374856158",
                  "amount": 1384.66
              },
              {
                  "date": "2021-03-19T08:18:58.161Z",
                  "from": "81548120100862077620250480",
                  "to": "74213041477477406320783754",
                  "amount": 6970.58
              },
              {
                  "date": "2021-03-18T02:35:36.560Z",
                  "from": "51484782883217587572760646",
                  "to": "74213041477477406320783754",
                  "amount": 6090.56
              },
              {
                  "date": "2021-03-18T19:34:16.224Z",
                  "from": "74213041477477406320783754",
                  "to": "84304077723600661705730756",
                  "amount": 8234.13
              },
              {
                  "date": "2021-04-19T23:28:32.166Z",
                  "from": "50656108021131755024456801",
                  "to": "74213041477477406320783754",
                  "amount": 6145.33
              },
              {
                  "date": "2021-04-19T08:30:22.402Z",
                  "from": "74213041477477406320783754",
                  "to": "70425188248455124768856782",
                  "amount": 1348.16
              },
              {
                  "date": "2021-04-19T07:21:18.392Z",
                  "from": "70361320515672617682822516",
                  "to": "74213041477477406320783754",
                  "amount": 5011.08
              },
              {
                  "date": "2021-04-19T10:39:37.097Z",
                  "from": "74213041477477406320783754",
                  "to": "06445117214335510102604404",
                  "amount": 9138.99
              },
              {
                  "date": "2021-04-19T08:17:26.965Z",
                  "from": "74213041477477406320783754",
                  "to": "05181686746033625350802661",
                  "amount": 7403.54
              },
              {
                  "date": "2021-04-20T06:52:10.811Z",
                  "from": "74213041477477406320783754",
                  "to": "00727180808266805474631505",
                  "amount": 1300.36
              },
              {
                  "date": "2021-05-19T07:15:39.751Z",
                  "from": "74213041477477406320783754",
                  "to": "55550856613423037552056531",
                  "amount": 1930.22
              },
              {
                  "date": "2021-05-19T10:09:54.123Z",
                  "from": "68002007853180050726771715",
                  "to": "74213041477477406320783754",
                  "amount": 7220.17
              },
              {
                  "date": "2021-05-19T01:32:57.730Z",
                  "from": "84225716133463860202076784",
                  "to": "74213041477477406320783754",
                  "amount": 9260.31
              },
              {
                  "date": "2021-05-19T05:22:18.649Z",
                  "from": "74213041477477406320783754",
                  "to": "25815078724141351478224286",
                  "amount": 5103.66
              },
              {
                  "date": "2021-05-19T17:21:45.778Z",
                  "from": "52861660744722558762374214",
                  "to": "74213041477477406320783754",
                  "amount": 3879
              },
              {
                  "date": "2021-05-19T13:48:23.681Z",
                  "from": "30750258433501348143216887",
                  "to": "74213041477477406320783754",
                  "amount": 3900.81
              },
              {
                  "date": "2021-06-18T05:44:40.787Z",
                  "from": "74213041477477406320783754",
                  "to": "12357780282760117142812688",
                  "amount": 5879.5
              },
              {
                  "date": "2021-06-18T03:32:59.102Z",
                  "from": "61524364043574371243405305",
                  "to": "74213041477477406320783754",
                  "amount": 8743.59
              },
              {
                  "date": "2021-06-18T17:40:55.415Z",
                  "from": "75502770884622113507168768",
                  "to": "74213041477477406320783754",
                  "amount": 9048.34
              },
              {
                  "date": "2021-06-18T03:28:02.290Z",
                  "from": "53046531788336786315342135",
                  "to": "74213041477477406320783754",
                  "amount": 22.51
              },
              {
                  "date": "2021-06-18T05:12:54.803Z",
                  "from": "74213041477477406320783754",
                  "to": "31033837654507267823831757",
                  "amount": 1727.62
              },
              {
                  "date": "2021-06-19T15:28:43.984Z",
                  "from": "74213041477477406320783754",
                  "to": "82666337022827255727377153",
                  "amount": 6533.79
              },
              {
                  "date": "2021-07-17T07:20:23.355Z",
                  "from": "73486381453584830040151577",
                  "to": "74213041477477406320783754",
                  "amount": 4731.9
              },
              {
                  "date": "2021-07-17T15:31:46.269Z",
                  "from": "74720415381570668378415263",
                  "to": "74213041477477406320783754",
                  "amount": 5232.93
              },
              {
                  "date": "2021-07-18T17:46:58.613Z",
                  "from": "22764706324542763505761723",
                  "to": "74213041477477406320783754",
                  "amount": 2228.35
              },
              {
                  "date": "2021-07-17T06:25:47.351Z",
                  "from": "21446724541285701541784338",
                  "to": "74213041477477406320783754",
                  "amount": 3039.16
              },
              {
                  "date": "2021-07-17T02:18:12.890Z",
                  "from": "70536331801485614877452001",
                  "to": "74213041477477406320783754",
                  "amount": 3450.69
              },
              {
                  "date": "2021-07-17T01:47:48.510Z",
                  "from": "74213041477477406320783754",
                  "to": "51263336456447513830734214",
                  "amount": 6663.46
              },
              {
                  "amount": 473.4,
                  "date": "2021-09-16T07:21:07.793Z",
                  "from": "21231120706128303622217154",
                  "to": "74213041477477406320783754"
              },
              {
                  "amount": 895.67,
                  "date": "2021-09-16T07:33:39.120Z",
                  "from": "32360552013738154372556154",
                  "to": "74213041477477406320783754"
              }
          ]
      }
  },
  "exchange": {
      "AUD/BTC": 0.01,
      "AUD/CHF": 0.01,
      "AUD/CNH": 0.01,
      "AUD/EUR": 67.16,
      "AUD/JPY": 92.11,
      "AUD/NZD": 0.02,
      "AUD/RUB": 52.91,
      "AUD/UAH": 14.7,
      "BTC/BYR": 0.01,
      "BTC/CAD": 0.03,
      "BTC/CHF": 0.09,
      "BTC/EUR": 12.11,
      "BTC/GBP": 80.73,
      "BTC/JPY": 25.63,
      "BTC/USD": 94.3,
      "BYR/AUD": 39.58,
      "BYR/CAD": 65.3,
      "BYR/CHF": 1.52,
      "BYR/EUR": 0.01,
      "BYR/HKD": 9.42,
      "BYR/NZD": 34.36,
      "BYR/RUB": 0.01,
      "CAD/AUD": 0.03,
      "CAD/CHF": 17.64,
      "CAD/CNH": 0.09,
      "CAD/ETH": 5.06,
      "CAD/HKD": 0.08,
      "CAD/JPY": 27.18,
      "CAD/RUB": 83.72,
      "CHF/CNH": 0.02,
      "CHF/ETH": 39.63,
      "CHF/EUR": 0.02,
      "CHF/GBP": 0.02,
      "CHF/HKD": 0.01,
      "CHF/NZD": 0.04,
      "CHF/RUB": 0.17,
      "CHF/UAH": 74.27,
      "CHF/USD": 90.46,
      "CNH/BTC": 0.03,
      "CNH/BYR": 29.12,
      "CNH/HKD": 21.41,
      "CNH/NZD": 0.21,
      "CNH/RUB": 12.03,
      "CNH/UAH": 0.02,
      "CNH/USD": 51.65,
      "ETH/AUD": 0.02,
      "ETH/BTC": 4.9,
      "ETH/BYR": 0.02,
      "ETH/CNH": 78.96,
      "ETH/EUR": 53.05,
      "ETH/GBP": 0.02,
      "ETH/JPY": 0.01,
      "ETH/NZD": 62.01,
      "ETH/RUB": 0.03,
      "EUR/CAD": 0.28,
      "EUR/CNH": 0.01,
      "EUR/GBP": 71.35,
      "EUR/HKD": 0.02,
      "EUR/USD": 0.01,
      "GBP/AUD": 81.32,
      "GBP/BYR": 0.01,
      "GBP/CAD": 0.02,
      "GBP/CNH": 0.03,
      "GBP/HKD": 52.89,
      "GBP/JPY": 15,
      "GBP/NZD": 0.01,
      "GBP/UAH": 1.21,
      "HKD/AUD": 3.83,
      "HKD/BTC": 20.09,
      "HKD/ETH": 88.17,
      "HKD/JPY": 0.01,
      "HKD/RUB": 0.01,
      "HKD/UAH": 0.01,
      "JPY/BYR": 0.04,
      "JPY/CHF": 13.29,
      "JPY/CNH": 0.02,
      "JPY/EUR": 0.45,
      "JPY/RUB": 0.03,
      "NZD/BTC": 63.76,
      "NZD/CAD": 0.02,
      "NZD/EUR": 26.35,
      "NZD/HKD": 86.5,
      "NZD/JPY": 0.01,
      "NZD/RUB": 53.02,
      "NZD/UAH": 61.89,
      "RUB/BTC": 0.02,
      "RUB/EUR": 73.48,
      "RUB/GBP": 0.03,
      "RUB/UAH": 15.42,
      "UAH/BTC": 0.06,
      "UAH/BYR": 2.68,
      "UAH/CAD": 0.02,
      "UAH/ETH": 0.05,
      "UAH/EUR": 0.02,
      "UAH/JPY": 15.14,
      "UAH/USD": 79.65,
      "USD/AUD": 0.02,
      "USD/BYR": 57.63,
      "USD/CAD": 0.04,
      "USD/ETH": 0.03,
      "USD/GBP": 23.03,
      "USD/HKD": 26.02,
      "USD/JPY": 0.17,
      "USD/NZD": 0.01,
      "USD/RUB": 0.88
  },
  "mine": {
      "currencies": {
          "AUD": {
              "amount": 22.16,
              "code": "AUD"
          },
          "BTC": {
              "amount": 3043.34,
              "code": "BTC"
          },
          "BYR": {
              "amount": 48.75,
              "code": "BYR"
          },
          "CAD": {
              "amount": 45.22,
              "code": "CAD"
          },
          "CHF": {
              "amount": 67.29,
              "code": "CHF"
          },
          "CNH": {
              "amount": 10.47,
              "code": "CNH"
          },
          "ETH": {
              "amount": 6.12,
              "code": "ETH"
          },
          "EUR": {
              "amount": 27.85,
              "code": "EUR"
          },
          "GBP": {
              "amount": 5.72,
              "code": "GBP"
          },
          "HKD": {
              "amount": 78.48,
              "code": "HKD"
          },
          "JPY": {
              "amount": 1234524,
              "code": "JPY"
          },
          "NZD": {
              "amount": 93.44,
              "code": "NZD"
          },
          "RUB": {
              "amount": 1034524.1,
              "code": "RUB"
          },
          "UAH": {
              "amount": 15.19,
              "code": "UAH"
          },
          "USD": {
              "amount": 86.73,
              "code": "USD"
          }
      }
  }
}
